{
  "backpropType" : "Standard",
  "cacheMode" : "NONE",
  "confs" : [ {
    "cacheMode" : "NONE",
    "dataType" : "FLOAT",
    "epochCount" : 10,
    "iterationCount" : 0,
    "layer" : {
      "@class" : "org.deeplearning4j.nn.conf.layers.LSTM",
      "activationFn" : {
        "@class" : "org.nd4j.linalg.activations.impl.ActivationTanH"
      },
      "biasInit" : 0.0,
      "biasUpdater" : null,
      "constraints" : null,
      "forgetGateBiasInit" : 1.0,
      "gainInit" : 1.0,
      "gateActivationFn" : {
        "@class" : "org.nd4j.linalg.activations.impl.ActivationSigmoid"
      },
      "gradientNormalization" : "None",
      "gradientNormalizationThreshold" : 1.0,
      "helperAllowFallback" : true,
      "idropout" : null,
      "iupdater" : {
        "@class" : "org.nd4j.linalg.learning.config.Sgd",
        "learningRate" : 0.001
      },
      "layerName" : "layer0",
      "nin" : 10,
      "nout" : 128,
      "regularization" : [ ],
      "regularizationBias" : [ ],
      "rnnDataFormat" : "NCW",
      "timeDistributedFormat" : null,
      "weightInitFn" : {
        "@class" : "org.deeplearning4j.nn.weights.WeightInitXavier"
      },
      "weightInitFnRecurrent" : null,
      "weightNoise" : null
    },
    "maxNumLineSearchIterations" : 5,
    "miniBatch" : true,
    "minimize" : true,
    "optimizationAlgo" : "STOCHASTIC_GRADIENT_DESCENT",
    "seed" : 1730688527429,
    "stepFunction" : null,
    "variables" : [ "W", "RW", "b" ]
  }, {
    "cacheMode" : "NONE",
    "dataType" : "FLOAT",
    "epochCount" : 10,
    "iterationCount" : 0,
    "layer" : {
      "@class" : "org.deeplearning4j.nn.conf.layers.SelfAttentionLayer",
      "biasUpdater" : null,
      "constraints" : null,
      "gradientNormalization" : "None",
      "gradientNormalizationThreshold" : 1.0,
      "headSize" : 32,
      "idropout" : null,
      "layerName" : "layer1",
      "layerParams" : {
        "biasParams" : { },
        "weightParams" : {
          "Wq" : [ 4, 32, 128 ],
          "Wk" : [ 4, 32, 128 ],
          "Wv" : [ 4, 32, 128 ],
          "Wo" : [ 128, 128 ]
        }
      },
      "nheads" : 4,
      "nin" : 128,
      "nout" : 128,
      "paramWeightInit" : null,
      "projectInput" : true,
      "regularization" : [ ],
      "regularizationBias" : [ ],
      "updater" : {
        "@class" : "org.nd4j.linalg.learning.config.Sgd",
        "learningRate" : 0.001
      },
      "weightInit" : "XAVIER"
    },
    "maxNumLineSearchIterations" : 5,
    "miniBatch" : true,
    "minimize" : true,
    "optimizationAlgo" : "STOCHASTIC_GRADIENT_DESCENT",
    "seed" : 1730688527429,
    "stepFunction" : null,
    "variables" : [ "Wq", "Wk", "Wv", "Wo" ]
  }, {
    "cacheMode" : "NONE",
    "dataType" : "FLOAT",
    "epochCount" : 10,
    "iterationCount" : 0,
    "layer" : {
      "@class" : "org.deeplearning4j.nn.conf.layers.DenseLayer",
      "activationFn" : {
        "@class" : "org.nd4j.linalg.activations.impl.ActivationReLU",
        "max" : null,
        "negativeSlope" : null,
        "threshold" : null
      },
      "biasInit" : 0.0,
      "biasUpdater" : null,
      "constraints" : null,
      "gainInit" : 1.0,
      "gradientNormalization" : "None",
      "gradientNormalizationThreshold" : 1.0,
      "hasBias" : true,
      "hasLayerNorm" : false,
      "idropout" : null,
      "iupdater" : {
        "@class" : "org.nd4j.linalg.learning.config.Sgd",
        "learningRate" : 0.001
      },
      "layerName" : "layer2",
      "nin" : 128,
      "nout" : 64,
      "regularization" : [ ],
      "regularizationBias" : [ ],
      "timeDistributedFormat" : "NCW",
      "weightInitFn" : {
        "@class" : "org.deeplearning4j.nn.weights.WeightInitXavier"
      },
      "weightNoise" : null
    },
    "maxNumLineSearchIterations" : 5,
    "miniBatch" : true,
    "minimize" : true,
    "optimizationAlgo" : "STOCHASTIC_GRADIENT_DESCENT",
    "seed" : 1730688527429,
    "stepFunction" : null,
    "variables" : [ "W", "b" ]
  }, {
    "cacheMode" : "NONE",
    "dataType" : "FLOAT",
    "epochCount" : 10,
    "iterationCount" : 0,
    "layer" : {
      "@class" : "org.deeplearning4j.nn.conf.layers.GlobalPoolingLayer",
      "collapseDimensions" : true,
      "constraints" : null,
      "gradientNormalization" : "None",
      "gradientNormalizationThreshold" : 0.0,
      "idropout" : null,
      "layerName" : "layer3",
      "pnorm" : 2,
      "poolingDimensions" : null,
      "poolingType" : "AVG"
    },
    "maxNumLineSearchIterations" : 5,
    "miniBatch" : true,
    "minimize" : true,
    "optimizationAlgo" : "STOCHASTIC_GRADIENT_DESCENT",
    "seed" : 1730688527429,
    "stepFunction" : null,
    "variables" : [ ]
  }, {
    "cacheMode" : "NONE",
    "dataType" : "FLOAT",
    "epochCount" : 10,
    "iterationCount" : 0,
    "layer" : {
      "@class" : "org.deeplearning4j.nn.conf.layers.OutputLayer",
      "activationFn" : {
        "@class" : "org.nd4j.linalg.activations.impl.ActivationIdentity"
      },
      "biasInit" : 0.0,
      "biasUpdater" : null,
      "constraints" : null,
      "gainInit" : 1.0,
      "gradientNormalization" : "None",
      "gradientNormalizationThreshold" : 1.0,
      "hasBias" : true,
      "idropout" : null,
      "iupdater" : {
        "@class" : "org.nd4j.linalg.learning.config.Sgd",
        "learningRate" : 0.001
      },
      "layerName" : "layer4",
      "lossFn" : {
        "@class" : "org.nd4j.linalg.lossfunctions.impl.LossMSE"
      },
      "nin" : 64,
      "nout" : 10,
      "regularization" : [ ],
      "regularizationBias" : [ ],
      "timeDistributedFormat" : "NCW",
      "weightInitFn" : {
        "@class" : "org.deeplearning4j.nn.weights.WeightInitXavier"
      },
      "weightNoise" : null
    },
    "maxNumLineSearchIterations" : 5,
    "miniBatch" : true,
    "minimize" : true,
    "optimizationAlgo" : "STOCHASTIC_GRADIENT_DESCENT",
    "seed" : 1730688527429,
    "stepFunction" : null,
    "variables" : [ "W", "b" ]
  } ],
  "dataType" : "FLOAT",
  "epochCount" : 10,
  "inferenceWorkspaceMode" : "ENABLED",
  "inputPreProcessors" : {
    "2" : {
      "@class" : "org.deeplearning4j.nn.conf.preprocessor.RnnToFeedForwardPreProcessor",
      "rnnDataFormat" : "NCW"
    },
    "3" : {
      "@class" : "org.deeplearning4j.nn.conf.preprocessor.FeedForwardToRnnPreProcessor",
      "rnnDataFormat" : "NCW"
    },
    "4" : {
      "@class" : "org.deeplearning4j.nn.conf.preprocessor.RnnToFeedForwardPreProcessor",
      "rnnDataFormat" : "NCW"
    }
  },
  "iterationCount" : 800,
  "tbpttBackLength" : 20,
  "tbpttFwdLength" : 20,
  "trainingWorkspaceMode" : "ENABLED",
  "validateOutputLayerConfig" : true
}